unit	pos	arm	skew_s	start_utc	seller_outcome
1	1	A	600	2026-10-05T17:50:01.812Z	SETTLED
1	2	A	600	2026-10-05T17:50:13.997Z	SETTLED
2	1	B	30	2026-10-05T17:54:48.137Z	SETTLED
2	2	B	30	2026-10-05T17:55:00.171Z	SETTLE_FAILED
3	1	B	30	2026-10-05T17:59:33.163Z	SETTLED
3	2	B	30	2026-10-05T17:59:44.640Z	SETTLED
4	1	A	600	2026-10-05T18:04:19.534Z	SETTLE_FAILED
4	2	A	600	2026-10-05T18:04:30.690Z	SETTLED
5	1	B	30	2026-10-05T18:09:04.283Z	SETTLED
5	2	B	30	2026-10-05T18:09:16.537Z	SETTLED
6	1	A	600	2026-10-05T18:13:49.813Z	SETTLED
6	2	A	600	2026-10-05T18:14:01.801Z	SETTLED
7	1	B	30	2026-10-05T18:18:35.910Z	SETTLED
7	2	B	30	2026-10-05T18:18:48.397Z	SETTLED
8	1	A	600	2026-10-05T18:23:21.712Z	SETTLED
8	2	A	600	2026-10-05T18:23:33.564Z	SETTLED
9	1	B	30	2026-10-05T18:28:07.783Z	SETTLED
9	2	B	30	2026-10-05T18:28:20.256Z	SETTLED
10	1	A	600	2026-10-05T18:32:53.658Z	SETTLED
10	2	A	600	2026-10-05T18:33:05.842Z	SETTLE_FAILED
11	1	B	30	2026-10-05T18:37:38.630Z	SETTLED
11	2	B	30	2026-10-05T18:37:50.751Z	SETTLED
12	1	A	600	2026-10-05T18:42:25.414Z	SETTLE_FAILED
12	2	A	600	2026-10-05T18:42:37.449Z	SETTLED
13	1	A	600	2026-10-05T18:47:11.181Z	SETTLE_FAILED
13	2	A	600	2026-10-05T18:47:22.864Z	SETTLED
14	1	B	30	2026-10-05T18:51:57.907Z	SETTLED
14	2	B	30	2026-10-05T18:52:11.179Z	SETTLED
15	1	A	600	2026-10-05T18:56:45.208Z	SETTLED
15	2	A	600	2026-10-05T18:56:57.558Z	SETTLED
16	1	B	30	2026-10-05T19:01:30.383Z	SETTLE_FAILED
16	2	B	30	2026-10-05T19:01:41.257Z	SETTLED
17	1	B	30	2026-10-05T19:06:14.403Z	SETTLED
17	2	B	30	2026-10-05T19:06:26.356Z	SETTLED
18	1	A	600	2026-10-05T19:11:00.478Z	SETTLED
18	2	A	600	2026-10-05T19:11:11.844Z	SETTLED
19	1	B	30	2026-10-05T19:15:46.925Z	SETTLED
19	2	B	30	2026-10-05T19:15:57.408Z	SETTLED
20	1	A	600	2026-10-05T19:20:31.833Z	SETTLED
20	2	A	600	2026-10-05T19:20:43.605Z	SETTLED
